{"cameraMode":{"drawMode":0,"name":"Shaded","section":"Shading Mode"},"sceneLighting":true,"audioPlay":false,"sceneViewState":{"m_AlwaysRefresh":false,"showFog":true,"showSkybox":true,"showFlares":true,"showImageEffects":true,"showParticleSystems":true,"showVisualEffectGraphs":true,"m_FxEnabled":true},"in2DMode":false,"pivot":{"x":1.1218128204345704,"y":6.011192321777344,"z":-0.6929279565811157},"rotation":{"x":0.07003740966320038,"y":0.9141789078712463,"z":-0.17879492044448853,"w":0.35726189613342287},"size":11.659836769104004,"orthographic":true}